loc_str,Long,Lat
Manuelita Cocos Island COSTA RICA,5.5313198,-87.0961449
"Stillwater Cove, Monterey County California USA",36.5639138,-121.9445819
"Floridana Beach, Brevard County Florida USA",27.9448942,-80.505628
Avoca Beach New South Wales AUSTRALIA,-33.4705196,151.4107836
Guardalavaca Beach Holquin Province CUBA,21.1162344,-75.879118
Magnetic Island Queensland AUSTRALIA,-19.1421512,146.7963652
Birubi Point New South Wales AUSTRALIA,-32.7884083,152.0715595
"White Plains Beach, Oahu Hawaii USA",21.3030285,-158.0468662
Le Goulet Pamplemousses  MAURITIUS,-20.1044023,57.5155488
"Juno Beach, Palm Beach County Florida USA",26.875057,-80.0751825
"Ocean Reef Park, Singer Island, Palm Beach County Florida USA",26.7937693,-80.0350718
Normanville South Australia AUSTRALIA,-35.4649901,138.2690643
"Lantana Beach, Palm Beach County Florida USA",26.5827809,-80.0698786
"Davidsons Beach, Kekaha, Kauai Hawaii USA",21.9641661,-159.7176437
"KamaäóÖole Beach Park, Maui  Hawaii USA",20.7128808,-156.4482654
Dyer Island Western Cape Province SOUTH AFRICA,-34.6827695,19.4134289
"Hanna Park, Jacksonville, Duval County Florida USA",30.3709252,-81.4089605
Gracetown Western Australia AUSTRALIA,-33.8690139,114.936154
Rockaway New York USA,40.5867238,-73.8202541
Fort Worth Florida USA,26.6202702,-80.0937282
Palm Beach County Florida USA,26.6455749,-80.7104686
Gran Canaria  Canary Islands SPAIN,27.957502,-15.8766352
"Ponce Inlet, Volusia County Florida USA",29.1029784,-80.9633912
Hawston Western Cape Province SOUTH AFRICA,-34.3862513,19.1225144
Esperance Westerm Australia AUSTRALIA,-33.8612197,121.8829606
Sam's Creek area Westerm Australia AUSTRALIA,-20.6223242,117.1814911
Iluka Beach New South Wales AUSTRALIA,-29.4102989,153.3489344
Iwata City Shizuoka Prefecture JAPAN,34.7682772,137.7099813
"Marathon, Monroe County Florida USA",24.7328733,-81.0946389
"South Padre Island, Cameron County Texas USA",26.1127217,-97.2030206
"New Smyrna Beach, Volusia County Florida USA",29.0295263,-81.0249492
Bathtub Beach  Florida USA,27.1863376,-80.1625477
Grao de Moncofa Castellí_n SPAIN,39.7998241,-0.149381
Rose Island New Providence District BAHAMAS,25.1053061,-77.2357128
"English Bay Ascension Island ST HELENA, British overseas territory",-7.9412278,-14.4280779
"Síçnchez Magallanes, Cíçrdenas Tabasco MEXICO",39.3406926,-74.5000456
"Nahoon Reef, East London Eastern Cape Province SOUTH AFRICA",-32.9965532,27.9475273
Moya Anjouan COMOROS,-12.3090497,44.4315594
Wrightsville Beach South Carolina USA,34.206923,-77.8161988
Hilton Head South Carolina USA,32.1834116,-80.8874831
"Singer Island, Palm Beach County Florida USA",26.7850618,-80.0462956
Playa däó»en Bossa Ibiza Island SPAIN,38.8857266,1.4026345
Palm Cove  Queensland AUSTRALIA,-33.3192207,115.6310993
Sullivan's Island South Carolina USA,32.7709427,-79.8550196
"Atlantic Beach, Emerald Isle, Carteret County North Carolina USA",34.7035868,-77.3035459
Ryspunt Western Cape Province SOUTH AFRICA,-34.1913578,24.7114128
"Pelican Beach Park, Satellite Beach, Brevard County Florida USA",28.1673007,-80.5899484
"Kalapaki Beach, Kauai Hawaii USA",21.9601779,-159.3523706
Coral Bay Western Australia AUSTRALIA,-23.1420367,113.7638538
"Pirates Beach, Galveston Texas USA",29.2047732,-94.9387669
"Flagler Beach, Flagler County Florida USA",29.4658634,-81.1615857
Mindarie Western Australia AUSTRALIA,-31.6889597,115.6896937
Ain Sokhna Suez EGYPT,29.632561,32.3212623
Kingscliff New South Wales AUSTRALIA,-28.2611985,153.5376769
"Falcon Beach, Mandurah Western Australia AUSTRALIA",-32.5853767,115.6374025
"Corona Del Mar, Newport, Orange County California USA",33.6022548,-117.8832491
"Neptune, Duval County Florida USA",30.3157893,-81.4202417
"St. Petersburg, Pinellas County Florida USA",27.7786988,-82.7949081
"Hugenot Beach , Jacksonville, Duval County Florida USA",30.4110088,-81.4226769
"Boca Raton, Palm Beach County Florida USA",26.3728124,-80.1874063
"Wailea Beach, Maui Hawaii USA",20.685144,-156.4453363
Cormandel North Island NEW ZEALAND,-36.8333324,175.5745785
Balian Bali INDONESIA,-8.5031133,114.9633709
"Robberg Beach, Plettenberg Bay Western Cape Province SOUTH AFRICA",-34.0820162,23.3612287
"First Sun Beach, Byron Bay New South Wales AUSTRALIA",-28.6500106,153.578435
Makemo Atoll Tuamotos FRENCH POLYNESIA,-16.5838551,-143.6601667
"Off Singer Island, Palm Beach County Florida USA",26.7850618,-80.0462956
Poe Beach Grand Terre NEW CALEDONIA,-21.6098406,165.3732516
"Corners Beach, Jupiter, Palm Beach County Florida USA",26.8333495,-80.238452
"Olowalu, Maui Hawaii USA",20.8147215,-156.6337548
Bombo Beach New South Wales AUSTRALIA,-34.6584605,150.8509761
"Fort Myers Beach, Lee County Florida USA",26.4344352,-81.9599037
North Cronulla Beach New South Wales AUSTRALIA,-34.0497182,151.1549273
"Bolsa Chica State Park, Orange County California USA",33.6972793,-118.0683508
"Vero Beach, St. Lucie County Florida USA",27.6430241,-80.4393018
Wrights Bay South Australia AUSTRALIA,-37.0330962,139.7323563
"Ricaudy Reef, Noumea South Province NEW CALEDONIA",-22.3125899,166.4497621
Yate South Province NEW CALEDONIA,-22.1083072,166.4729474
"Bavaro Beach, Punta Cana Altagracia Province DOMINICAN REPUBLIC",18.6670057,-68.4041324
Stingray City Bar Grand Cayman CAYMAN ISLANDS,19.3298237,-81.3925158
Nettley Bay Tasmania AUSTRALIA,-40.9299991,144.6112452
Stradbroke Island Queensland AUSTRALIA,-27.563166,153.3298074
Hams Beach New South Wales AUSTRALIA,-33.0977816,151.6556782
"Hanalei Bay, Kauai Hawaii USA",22.207262,-159.5158428
"Happy Valley Beach, Caloundra Queensland AUSTRALIA",-26.8072286,153.1315832
Heron Island Queensland AUSTRALIA,-23.4423244,151.9107569
Miall Island Queensland AUSTRALIA,-23.123799,150.8372401
Westbrook Beach KwaZulu-Natal SOUTH AFRICA,-29.5958522,31.1591567
"Arinaga Beach, Aguimes, Gran Canaria Grand Canary Island SPAIN",27.858225,-15.3969257
La'aloa Beach Park Hawaii USA,19.594373,-155.9740204
Bondi Beach New South Wales AUSTRALIA,-33.8909748,151.2639875
Fernano de Noronha Pernambuco BRAZIL,-3.8447969,-32.4619115
Lake Macquarie New South Wales AUSTRALIA,-33.0684731,151.4431429
"Punta Vicente Roca, Isabella Island Galapagos Islands ECUADOR",-0.3830326,-91.5448685
"Playalinda Beach, Brevard County Florida USA",28.655517,-80.6405835
"Palm Beach, Palm Beach County Florida USA",26.6835908,-80.1097533
East Ballina New South Wales AUSTRALIA,-28.8586176,153.5718324
"Paradise Beach, Melbourne, Brevard County Florida USA",28.1229901,-80.579149
"Kehena Beach, Hawaii Hawaii USA",19.3946571,-154.9378426
"Big Talbot Island, Duval County Florida USA",28.3286305,-80.6596442
"Jacksonville Beach, Duval County Florida USA",30.2799688,-81.4090312
North Shelly Beach New South Wales AUSTRALIA,-33.3699235,151.4760154
"El Pescador Beach, Los Angeles County California USA",34.0392014,-118.8921556
Shelly Beach New South Wales AUSTRALIA,-33.3699235,151.4760154
"Seven Mile Beach, Byron Bay New South Wales AUSTRALIA",-28.71036,153.6146432
Mereweather Beach New South Wales AUSTRALIA,-32.9473114,151.7571767
"Nerang River, Surfer's  Paradise Queensland AUSTRALIA",-27.9880901,153.4023369
Lahaina Hawaii USA,20.887858,-156.7093172
Flat Rock New South Wales AUSTRALIA,-31.3088745,150.1595624
Nahoon Beach Eastern Cape Province SOUTH AFRICA,-32.9860439,27.9389625
Off Panama City Florida USA,30.064319,-85.4654473
"Wategos Beach, Byon Bay New South Wales AUSTRALIA",-28.6358817,153.6318585
"Mollymook Beach, Bannister Head New South Wales AUSTRALIA",-35.3201228,150.4733786
"Tahiti Beach, Elbow Cay Abaco Islands BAHAMAS",26.5003569,-76.9867538
Chintsa East Beach Eastern Cape Province SOUTH AFRICA,-32.8289158,28.0969174
"Windsor Beach, Indian River County Florida USA",27.7886508,-80.4167556
Bherwerre Beach New South Wales AUSTRALIA,-35.1500772,150.6425586
Three Stripes near Cheynes Beach Western Australia AUSTRALIA,-34.88414,118.4024403
Durban KwaZulu-Natal SOUTH AFRICA,-29.8483609,30.9224218
"Montaí±a de Oro State Park, San Luis Obispo County  California USA",35.2723111,-120.8889701
Paradise Beach Victoria AUSTRALIA,-38.191931,147.3986346
Rudder Reef Queensland AUSTRALIA,-16.189154,145.6322749
"Pyramids Beach, Port Bouvard Western Australia AUSTRALIA",-32.6057389,115.6313116
Freo Western Australia AUSTRALIA,-32.0525619,115.7384503
"Franklin Point, San Mateo County California USA",37.1496681,-122.369284
"Indian Harbor Beach, Brevard County Florida USA",28.1553124,-80.6141345
"Airplane Beach, Lahina, West Maui Hawaii USA",20.9153168,-156.753207
Moonee Beach New South Wales AUSTRALIA,-30.1956084,153.1169904
"Fort Pierce Inlet State Park, St. Lucie County Florida USA",27.434832,-80.3901051
"North Kohala, Hawaii County Hawaii USA",20.2465687,-155.8835924
Wallabi Point New South Wales AUSTRALIA,-31.9904545,152.5458682
"Kihei, Maui Hawaii USA",20.7650743,-156.521333
"Kahului, Maui Hawaii USA",20.877901,-156.4914598
"Leadbetter Beach, Santa Barbara County California USA",34.4024155,-119.7013486
"Maalaea, South Maui Hawaii USA",20.8027683,-156.6181848
"Castle Rock, north of Dunsborough Western Australia AUSTRALIA",-33.5835177,115.0881915
"Cherie Down Park, Brevard County Florida USA",28.3918352,-80.599145
"Walls Beach, Vandenberg AFB, Santa Barbara County California USA",34.7069443,-120.6029065
"Kelpids Beach, Wylie Bay, Esperance Western Australia AUSTRALIA",-33.8320375,121.9899602
"Clarkes Beach, Byron Bay New South Wales AUSTRALIA",-28.640058,153.6198808
"Manomet Point, Plymouth, Plymouth County Massachusetts USA",41.9221287,-70.551021
"Fletcher Beach, Hutchinson Island, Martin County Florida USA",27.2054998,-80.17127
Salou Catalonia SPAIN,41.0781462,1.1061034
"Atlantic Beach, Duval County Florida USA",30.3421793,-81.4213701
Assateague National Seashore Maryland USA,38.0654024,-75.5428393
Benidorm Alicante SPAIN,38.5374023,-0.1650151
"Figure Eight Island,  New Hanover County North Carolina USA",34.2688881,-77.7780499
"Surfside Beach, Horry  County South Carolina USA",33.6098592,-78.9951996
Apalachicola Bay  Florida USA,29.6689403,-85.0539026
Gnaraloo Western Australia AUSTRALIA,-23.9730662,113.3512281
"Hallandale Beach, Broward County Florida USA",25.9854849,-80.1569546
"Lake Ponchartain off Southshore Harbor, New Orleans Louisiana USA",30.0380591,-90.0177646
"South of Cocoa Beach, Brevard County Florida USA",28.3286305,-80.6596442
"Table Beach, Brevard County Florida USA",28.2666061,-80.6078321
Muizenberg Western Cape Province SOUTH AFRICA,-34.0977452,18.4665573
"Sunset Beach, Brunswick County North Carolina USA",33.8864629,-78.5496121
"Indialantic, Brevard County Florida USA",28.0875432,-80.5774922
"Teresita, Santa Cruz, Tenerife Canary Islands SPAIN",28.2931087,-16.8028586
"Paia Bay, Maui Hawaii USA",20.9175351,-156.3858972
Okaloosa Island Florida USA,30.3912328,-86.606899
"Masonboro Island, New Hanover County North Carolina USA",34.1345636,-77.9175196
"Manhattan Beach, Los Angeles County California USA",33.883779,-118.4622202
"Oceano Dunes State Beach, San Luis Obispo County California USA",35.0848895,-120.6588649
"Isle of Palms, Charleston County South Carolina USA",32.8009171,-79.7990842
"Middleton Point, Fleurieu Peninsula South Australia AUSTRALIA",-35.4999992,138.4912452
Horizontal Falls Western Australia AUSTRALIA,-16.3770659,123.9585033
"Cape Henlopen State Park, Sussex County Delaware USA",38.7856582,-75.103785
"Parsons Beach,  Fleurieu Peninsula South Australia AUSTRALIA",-35.6311654,138.4642758
Aichi Atsumi peninsula JAPAN,34.6445052,137.2255892
"West Beach, Galveston Texas USA",29.2000762,-94.943997
"Seven Mile Beach, Gerroa New South Wales AUSTRALIA",-34.8163547,150.7120399
Nerang River near Chevron Island Queensland AUSTRALIA,-27.9974283,153.4159745
Wallis Island Wallis and Futuna FRANCE,-13.2846738,-176.2765209
The Australian Shark and Ray Centre New South Wales AUSTRALIA,-32.7706273,151.9964183
"Juan Ponce de Leí_n Landing, Melbourne Beach, Brevard County Florida USA",28.010895,-80.5324865
"Elliston, Eyre Peninsula South Australia AUSTRALIA",-34.3333325,135.7412452
"Tybee Island, Chatham County Georgia USA",32.0066393,-80.8797456
"Coligny Beach, Hilton Head, Beaufort County South Carolina USA",32.1414846,-80.7532532
Simonstown Western Cape Province SOUTH AFRICA,-34.1817205,18.3855857
"South Passage, south of Coral Bay Western Australia AUSTRALIA",-32.3079649,115.7340643
Port Alfred Eastern Cape Province SOUTH AFRICA,-33.5848059,26.8518438
Tathra New South Wales AUSTRALIA,-36.737334,149.9314431
Off Dawesville Cut Western Australia AUSTRALIA,-32.606453,115.6307676
"Second Beach, Port St Johns Eastern Cape Province SOUTH AFRICA",-31.6409371,29.5277309
Delray Beach Florida USA,26.4560036,-80.1271936
Macarthur State Park Florida USA,26.824641,-80.0462287
Winkipop Beach Victoria AUSTRALIA,-38.3680831,144.2827665
"Santa Lucea Beach, South Hutchinson Island, St. Lucie County Florida USA",27.2073806,-80.1732662
Huahine Society Islands FRENCH POLYNESIA,-16.7863548,-151.0274872
"Goldsmith Beach, Yorke Peninsula South Australia AUSTRALIA",-35.1519942,137.6837824
Porpoise Bay South Island NEW ZEALAND,-46.6513514,169.1020173
Umina Beach New South Wales AUSTRALIA,-33.5191894,151.2950727
Garden Bay near Cosy Nook South Island NEW ZEALAND,-46.3339107,167.7068485
Off Miyako Island Okinawa Prefecture JAPAN,24.8127312,125.2207864
"Playa Brava, Turtle Bay Santa Cruz Island ECUADOR",-0.7078012,-90.3192453
"Lindí©ralique, HienghíÂne North Province NEW CALEDONIA",-20.6816368,164.97246
"Ninole Bay, Hawaii County Hawaii USA",19.9266175,-155.1576135
"Shelly Beach, near Port Macquarie New South Wales AUSTRALIA",-31.4561171,152.9279226
"Between  Makena & Molokini, Maui Hawaii USA",20.6323227,-156.4981593
"Riecks Point,  Campbelläó»s Beach,  New South Wales AUSTRALIA",-30.2379178,153.1434214
"Keawekapu Beach, Kihei, Maui Hawaii USA",20.7039072,-156.4485027
"Gleneden Beach, Lincoln County Oregon USA",44.8829958,-124.044214
"Trigg Beach, Perth Western Australia AUSTRALIA",-31.8781967,115.7497601
"Bay Head, Ocean County New Jersey USA",40.0691691,-74.0654956
"Kanaha Beach, Maui Hawaii USA",20.902652,-156.4462771
Turquoise Bay Western Australia AUSTRALIA,-22.0963883,113.8806896
"Little Island, near Hillarys Western Australia AUSTRALIA",-31.81236,115.7068967
South Narrabeen Beach New South Wales AUSTRALIA,-33.7105071,151.2948846
"Waiehu, Maui Hawaii USA",20.9239398,-156.5451633
"Pila'a Beach, Kaua'i Hawaii USA",22.2114905,-159.3659163
Miami Beach Florida USA,25.8102247,-80.2101824
"Albatros Point, near Jeffrey's Bay Eastern Cape Province SOUTH AFRICA",-34.0329727,24.9291392
Ashdod Southern District ISRAEL,31.8082144,34.5881134
"Panama City, Bay County Florida USA",30.2036321,-85.7434937
"Carlin Park, Jupiter, Palm Beach County Florida USA",26.9291055,-80.0713819
"Casino Beach, Pensacola, Escambia County Florida USA",30.3310737,-87.1448289
"New Smyrna Beach,  Volusia County Florida USA",29.0295263,-81.0249492
Key West Aquarium Florida USA,24.55907,-81.8095207
"St Augustine Beach, St Johns County Florida USA",29.8394984,-81.2903271
"Butterfly Beach, Montecito, Santa Barbara County California USA",34.4174022,-119.6520625
Catalina Channel California USA,33.3889062,-118.5950301
"Winterhaven Park,           Ponce Inlet, Volusia County Florida USA",29.1047098,-80.943784
Smiths New South Wales AUSTRALIA,-32.3842006,152.4719341
Pohoiki  Hawaii USA,19.4608327,-154.8556992
"Pillar Point, Half-Moon Bay, San Mateo County California USA",37.5044389,-122.5034309
"Makenat, Maui Hawaii USA",20.6544438,-156.4512548
"Ka'a Point, Maui Hawaii USA",20.6542174,-156.7227021
Folly Beach South Carolina USA,32.671218,-80.0193736
"Sanibel Island, Lee County Florida USA",26.4575459,-82.1663113
"Ulua Beach, Maui Hawaii USA",20.6903427,-156.4523715
Scotland Cay Abaco Islands BAHAMAS,26.6460733,-77.0819665
Compass Cay Exuma Islands BAHAMAS,24.2209206,-76.5495725
Grand Cay Abaco Islands BAHAMAS,27.2094321,-78.3365641
"Boa Viagem Beach, Recife Pernambuco BRAZIL",-8.1309239,-34.9155127
Queensberry Bay Eastern Cape Province SOUTH AFRICA,-8.1309239,-34.9330221
"Off Snipe Point, Florida Keys, Monroe County Florida USA",24.6981968,-81.6827332
"Halewia, Oahu Hawaii USA",21.5936245,-158.1236491
Crowdy Head New South Wales AUSTRALIA,-31.8413271,152.7113653
"Near Boynton Beach, Palm Beach County Florida USA",26.5280698,-80.1169697
False Bay Western Cape Province SOUTH AFRICA,-34.2148676,18.5062808
"North Pass, Fakarava Tuamotus FRENCH POLYNESIA",-16.2987775,-145.8728605
"Jensen Beach, Martin County  Florida USA",27.2380416,-80.2819491
Perth Western Australia AUSTRALIA,-32.0388311,115.4010501
Kaäó»anapali Shores Hawaii USA,20.9476477,-156.6922998
Terrigal Beach New South Wales AUSTRALIA,-33.4452789,151.4419153
Savannah Sound Eleuthera BAHAMAS,25.0836993,-76.1445118
De Mond Western Cape Province SOUTH AFRICA,-34.7155935,20.106423
Hawston Beach Western Cape Province SOUTH AFRICA,-34.4053197,19.1377041
African Reef off Geraldton Western Australia AUSTRALIA,-28.802443,114.6163334
Muriwai North Island NEW ZEALAND,-36.7905102,174.2883374
"Ka'anapali, Honokowai, Maui Hawaii USA",20.9140973,-156.7216903
"""Stuart Rocks"", Martin County Florida USA",27.189271,-80.2549443
Cape Nelson Victoria AUSTRALIA,-38.4320788,141.5412452
Noosa Queensland AUSTRALIA,-26.3181946,152.8013757
"Humboldt Bay, Eureka, Humboldt County California USA",40.7426721,-124.2993136
"Surf Beach, Lompoc, Santa Barbara County California USA",34.6829861,-120.6071842
Hobe Sound Florida USA,27.0805577,-80.1765581
Oboro Delta NIGERIA,5.1833328,5.8745782
"Davenport Landing, Santa Cruz County California USA",37.0258857,-122.2180705
"Mullaloo Beach, Perth Western Australia AUSTRALIA",-31.7824397,115.7144989
"Spanish House Beach, Brevard County Florida USA",27.9271447,-80.4901708
"Iroquiois Point, Oahu Hawaii USA",21.3217722,-157.9870363
"Leffingwell Landing, Cambria,  San Luis Obispo County California USA",35.5838507,-121.1236084
Off Catalina Island California USA,33.3889062,-118.5950301
Caves near Kogel Bay Western Cape Province SOUTH AFRICA,-33.5301179,19.1606024
"Dolphin Bay, Innes National Park South Australia AUSTRALIA",-35.2367082,136.8944375
Stratham Beach Western Australia AUSTRALIA,-33.4670471,115.5585152
Kalbarri Western Australia AUSTRALIA,-27.6803767,114.0619603
Nobby's Beach Queensland AUSTRALIA,-28.0564111,153.4355794
"Opunake, Taranake North Island NEW ZEALAND",-39.4160868,173.7553562
"Shipwreck Cove, Melbourne Aquarium Victoria AUSTRALIA",-37.8207879,144.9561307
Port de laξMarine Saint-Benoit REUNION,-21.0198329,55.7026899
Antofagasta Antofagasta Province CHILE,-23.6283069,-70.5448166
"Palm Beach Inlet, Palm Beach County Florida USA",26.7722843,-80.0460178
Broughton Island New South Wales AUSTRALIA,-32.6175692,152.2993149
Strandfontein Western Cape Province SOUTH AFRICA,-31.7462178,18.2132509
Wurtulla Queensland AUSTRALIA,-26.7556535,153.1179276
Lanai Hawaii USA,20.8305128,-157.0740381
Taimali Taitung  TAIWAN,22.5772134,120.8535423
Redhead Beach New South Wales AUSTRALIA,-33.0208771,151.7009296
"Second Beach, Port St. Johns Eastern Cape Province SOUTH AFRICA",-31.6409371,29.5277309
"Lincoln City, Lincoln County Oregon USA",44.9681276,-124.0718807
North Avoca Beach New South Wales AUSTRALIA,-33.460639,151.4342176
Duranbah Queensland AUSTRALIA,-28.3008011,153.4936411
"Jupiter, Palm Beach County Florida USA",26.9267113,-80.1533571
Fort James Beach St John's ANTIGUA,17.1347996,-61.8658967
New Smyrna Beach Florida USA,29.0295263,-81.0249492
"Makahuena Point, Kauai Hawaii USA",21.8717446,-159.4551077
"Noordhoek, Port Elizabeth Eastern Cape Province SOUTH AFRICA",-34.0333322,25.6245782
Angourie New South Wales AUSTRALIA,-29.4690632,153.3379458
Between Sodwana & Cape Vidal KwaZulu-Natal SOUTH AFRICA,-28.12322,32.5541713
Peregian Queensland AUSTRALIA,-26.4745267,153.0360355
Pigeon Point California USA,37.1829202,-122.3949909
Pigeon Island East New Britain PAPUA NEW GUINEA,-4.2694443,152.3334674
Sainte-Rose Bois-Blanc  REUNION,-21.1960552,55.8106326
"Marina State Beach, Monterey County California USA",36.6927933,-121.8114728
Spey Bay Moray SCOTLAND,57.6713012,-3.0939868
"uShaka Aquarium, Durban KwaZulu-Natal SOUTH AFRICA",-29.8672537,31.0436655
"Newport, Lincoln County Oregon USA",44.6212013,-124.1899821
Elwood Beach Victoria AUSTRALIA,-37.8903432,144.9823735
Cape Canaveral Florida USA,28.3882309,-80.6242721
Seaside Oregon USA,45.9819496,-123.9621426
Cottesloe Beach Western Australia AUSTRALIA,-31.9895081,115.7429881
"Santa Maria Island, Manatee County Florida USA",27.4916835,-82.7870718
Hatillo Beach Puerto Rico USA,18.4908069,-66.7963761
Clovely Beach Western Cape Province SOUTH AFRICA,-34.1325524,18.4371186
Boucan-Canot Saint-Gilles REUNION,-21.0272603,55.2243362
"Melkbaai, Strand Western Cape Province SOUTH AFRICA",-4.0679982,39.6778704
"Lauderdale-by-the-Sea, Broward County Florida USA",26.2006593,-80.1112751
"Dent Island, Whitsundays Queensland AUSTRALIA",-20.3591879,148.9154699
"Mona Vale Beach, Sydney New South Wales AUSTRALIA",-33.6809098,151.3091799
Cosy Nook South Island NEW ZEALAND,-46.3339107,167.7068485
"Adventure Aquarium, Camden New Jersey USA",39.9442305,-75.1327536
"Lori Wilson Park, Cocoa Beach, Brevard County Florida USA",28.3371371,-80.6116584
"Loch Lomond, Marin County California USA",37.9732121,-122.4860774
"Ponce, Volusia County Florida USA",29.1029784,-80.9633912
Spanish Cay Abaco Islands BAHAMAS,26.9089486,-77.5602557
Likoni Channel Mombasa KENYA,-4.097034,39.6334876
South Padre Island Texas USA,26.1127217,-97.2030206
Sant Salvador Catalunya SPAIN,41.1850727,1.5368574
Kona Hawaii USA,19.6643179,-156.025568
Fingal Bay New South Wales AUSTRALIA,-32.7499964,152.1330013
Umtentweni KwaZulu-Natal SOUTH AFRICA,-30.7183308,30.4451574
San Diego County California USA,33.0156777,-117.4064936
Blue Bay New South Wales AUSTRALIA,-33.354396,151.4964695
South Broulee New South Wales AUSTRALIA,-35.855849,150.1208094
Bateman's Bay New South Wales AUSTRALIA,-35.7083022,150.0969111
Pulau Payar Island Strait of Malacca MALAYSIA,6.0499998,100.0245785
Alenuihaha Channel Hawaii USA,20.6333327,-156.0504215
"The Natural Jetty, Rottnest Island Western Australia AUSTRALIA",-32.0216052,115.5533338
Bourail South Province NEW CALEDONIA,-21.5626667,165.474014
Taranaki North Island NEW ZEALAND,-39.282668,173.8148779
Avalon New South Wales AUSTRALIA,-33.6287196,151.3101907
Cherry Grove South Carolina USA,-33.6287196,151.2926813
"Hammocks Beach State Park, Bear Island, Onslow County North Carolina USA",34.6318289,-77.1575944
Playa Linda Guerro MEXICO,17.6652643,-101.5934246
Pantla Beach Guerro MEXICO,17.7387613,-101.6367222
Turtle Island Yasawa Islands FIJI,-16.9621684,177.3655745
Nofoali‰Û¡ÌÝå»i  Upolu Island SAMOA,38.9309515,-77.027301
"Marconi Beach, Wellfleet, Barnstable County Massachusetts USA",41.8917724,-69.9698854
"Sea Pines Resort, Hilton Head Island, Beaufort County South Carolina USA",32.1547781,-80.7701433
"Menauhant Beach, Falmouth,Barnstable County Massachusetts USA",41.5493008,-70.5644792
"Between Pescadero Point & Bean Hollow Beach, San Mateo County California USA",37.2304751,-122.4208582
"Hilton Head Island, Beaufort County South Carolina USA",32.1834116,-80.8874831
"DeBordieu Colony, Georgetown County South Carolina USA",33.3690557,-79.1604659
Ventnor New Jersey USA,39.3406926,-74.5000456
"Snipes Point, Monroe County Florida USA",24.6981968,-81.6827332
"Stearns Wharf, Santa Barbara California USA",34.4099807,-119.6877743
"Seal Rock, Goleta Beach, Santa Barbara California USA",34.4168342,-119.8343986
"South Beach, Westport, Grays Harbor County Washington USA",46.887933,-124.1139258
"Santa Cruz, Santa Cruz County California USA",36.9758863,-122.0824996
"Haulover Beach, Miami-Dade County Florida USA",25.9065987,-80.1266303
"Point Casuarina, Bunbury Western Australia AUSTRALIA",-33.3192207,115.6310993
"Flinders, Mornington Penisula Victoria AUSTRALIA",-38.4564781,144.9048431
Bantham Beach South Devon UNITED KINGDOM,50.2783167,-3.8807776
Athol Island New Providence  BAHAMAS,25.0754625,-77.2795594
"Awendaw, Charleston County South Carolina USA",32.984254,-79.7258391
"Keurbooms Lagoon, Plettenberg Bay Western Cape Province SOUTH AFRICA",-29.1147115,153.3901904
Trigg Beach Western Australia AUSTRALIA,-31.8781967,115.7497601
Booti Booti National Park New South Wales AUSTRALIA,-32.3172803,152.5049098
Queenscliff Victoria AUSTRALIA,-38.266252,144.6317212
"Kamaole Beach Park I, Maui Hawaii USA",20.7175212,-156.4513881
Mayport Naval Station  Duval County Florida USA,30.391306,-81.425925
Broken Head Beach New South Wales AUSTRALIA,-28.7012866,153.6104942
"Hooipa Beach Park, Maui Hawaii USA",20.9331081,-156.3673507
"Kings Beach, Caloundra Queensland AUSTRALIA",-26.8020656,153.1392415
"Charlie Young Beach, Kihei, Maui Hawaii USA",20.724569,-156.4578171
"Sharpes Beach, Ballina New South Wales AUSTRALIA",-28.8372212,153.6007354
"Indian Beach, Ecola State Park, Clatsop County Oregon USA",45.9273111,-123.9746746
Maui Hawaii USA,20.8027683,-156.6181848
Arenales del Sol Alicante Province SPAIN,38.364311,-0.9904448
Near Albany Western Australia AUSTRALIA,-35.0280667,117.8754271
"Florida Keys, Monroe County Florida USA",24.6613206,-82.7464359
Clifton Beach Tasmania AUSTRALIA,-42.980974,147.4933628
Green Turtle Cay Abaco Islands BAHAMAS,26.7742236,-77.3610027
Cortes Bank California USA,32.4666659,-119.1754215
Playa Grande Guanacaste COSTA RICA,10.3234471,-85.8634116
"Edisto Beach, Colleton County South Carolina USA",32.4917318,-80.3386686
Kaukura Atoll Tuamotus FRENCH POLYNESIA,-15.7439439,-146.823734
"Topanga Beach, Los Angeles County California USA",34.0923411,-118.6783047
Streaky Bay South Australia AUSTRALIA,-32.8323669,134.1275897
"Maha‰Û¡ÌÝÌáulepu Beach, Kauai Hawaii USA",21.8924993,-159.4256992
"Ballston Beach, Truro, Cape Cod Massachusetts USA",42.0006582,-70.0290558
"Tofino, Vancouver British Colombia CANADA",49.1289787,-125.9213325
Off Wedge Island Western Australia AUSTRALIA,-30.8285997,115.1879275
"Bethune Beach, Volusia County Florida USA",28.9491531,-80.8465848
Maroubra New South Wales AUSTRALIA,-33.9454214,151.2287338
Seaside Cove Oregon USA,45.9773019,-123.9414339
Bushy Ilet Queensland AUSTRALIA,-20.9539896,150.0700898
Broken Head New South Wales AUSTRALIA,-28.7300971,153.5569738
"Garden Point, Woolloomooloo Sydney Harbour New South Wales AUSTRALIA",-33.8588913,151.2206783
Quebradillas Puerto Rico USA,18.4286544,-67.0037731
Cellito Beach New South Wales AUSTRALIA,-32.3789104,152.5272703
Sandon New South Wales AUSTRALIA,-29.6867687,153.2947081
Karitane Beach South Island NEW ZEALAND,-45.6258843,170.646196
"Windang,       Lake Illawara New South Wales AUSTRALIA",-34.5224859,150.8066886
Binalong Bay Tasmania AUSTRALIA,-41.2534239,148.2128642
Fingal Beach New South Wales AUSTRALIA,-32.7417306,152.1697001
Hawkes Bay North Island NEW ZEALAND,-39.4996908,175.9125224
Isla Isabella Galapagos Islands ECUADOR,-0.441438,-91.7479193
Haumoana  North Island NEW ZEALAND,-39.6311493,176.9076047
Guantanamo Guantanamo Province CUBA,20.1469975,-75.2364928
Port Kennedy Beach Western Australia AUSTRALIA,-32.2593452,115.5943323
near Schouten Island Tasmania AUSTRALIA,-42.3184614,148.2558183
Seal Rocks New South Wales AUSTRALIA,-32.4226072,152.4714344
"Long Reef, north of Sydney New South Wales AUSTRALIA",-33.7426335,151.3026157
"Dillon Beach, Marin County California USA",38.2481522,-122.991806
Maraetai North Island NEW ZEALAND,-36.8880456,175.0225984
Plettenberg Bay Western Cape Province SOUTH AFRICA,-34.061083,23.3262523
Chidenguele Inhambane Province MOZAMBIQUE,-24.9172206,34.1839487
Elphinstone Reef Red Sea EGYPT,25.3095025,34.8582458
Santa Cruz Galapagos Islands ECUADOR,-0.6284935,-90.4996426
North Haven South Australia AUSTRALIA,-34.7865336,138.4804646
"Oceanworld, Manley New South Wales AUSTRALIA",-33.7990623,151.2791744
Darwin Northern Territory AUSTRALIA,-12.4258916,130.8632673
"Santa Rosa Beach, Walton County Florida USA",30.3960316,-86.237587
"Smokvina Bay, Vis Island  Split-Dalmatia Count, CROATIA",43.0434429,16.0835261
Bethune Beach Florida USA,28.9491531,-80.8465848
Near Croker Island Northern Territory AUSTRALIA,-11.162849,132.4062875
"Ormond-by-the-Sea, Volusia County Florida USA",29.3452224,-81.102698
"Ka'a'awa, Oahu Hawaii USA",21.5489774,-157.8702102
"Clarks Beach, Byron Bay New South Wales AUSTRALIA",-28.6405253,153.6198808
"Ponce Inlet, New Smyrna Beach, Volusia County Florida USA",29.0623141,-80.9713618
Hutchinson Island Florida USA,27.3193796,-80.373272
"McKenzie Beach Park in Pahoa, Hawai'i  Hawaii USA",19.4372951,-154.8673795
Lundy Island North Devon ENGLAND,51.1803331,-4.6999652
"Surf City, Topsail Island, Pender County North Carolina USA",34.4278689,-77.5917781
Buck Island US Virgin Islands USA,17.7868595,-64.6238687
"Ala Moana Beach Park, Oah'u Hawaii USA",21.2896696,-157.8506737
Playa Teta San Carlos PANAMA,8.5193636,-79.906016
"Honokowai, Maui Hawaii USA",20.9733725,-156.7020858
"Lahilahi Point, Oahu Hawaii USA",21.4618181,-158.2135295
"Carolina Beach, New Hanover County North Carolina USA",34.0381564,-77.929654
"Emerald Isle, Carteret County North Carolina USA",34.663818,-77.076429
"Litchfield Beach, Georgetown County South Carolina USA",33.466834,-79.108518
"Rock-a-Nore, Hastings Sussex UNITED KINGDOM",50.8559885,0.5934912
"Kamilo Point, Hawai'i Hawaii USA",18.9777772,-155.6073659
Mossel Bay Western Cape Province SOUTH AFRICA,-34.1508947,22.0061818
Struis Bay Western Cape Province SOUTH AFRICA,-34.7884584,19.9913069
Guarajuba Bahia BRAZIL,-12.6500308,-38.0913164
"West Cove, Catalina Island California USA",33.3889062,-118.5950026
"Fernandina Beach, Nassau County Florida USA",30.6551148,-81.5261403
Albany Western Australia AUSTRALIA,-35.0280667,117.8754271
Troncones Beach Guerro MEXICO,17.7819692,-101.7352628